{
  "name": "LilyPichu",
  "author": "Nyria#3863",
  "version": "1.0.0",
  "updater": "https://raw.githubusercontent.com/NYRI4/LilyPichu/master/aliucord/lilypichu.json",
  "font": "https://raw.githubusercontent.com/NYRI4/LilyPichu/master/aliucord/nunito.ttf",
  "license": "CC BY-NC-ND 4.0",
  "drawablecolor_drawable_overlay_channels_selected_dark": 385875968,
  "statusbar_color": -14545132,
  "color_primary_630": -11982545,
  "color_primary_dark_630": -11982545,
  "color_brand_new_430": -3845268,
  "color_brand_new_530": -3845268,
  "mention_highlight": 452634138,
  "color_brand_new": -3845268,
  "color_brand_new_500": -3845268,
  "color_brand_new_600": -3845268,
  "color_brand_new_300": -3845268,
  "color_brand_new_400": -3845268,
  "drawablecolor_drawable_button_grey": -3845268,
  "color_primary_700": -11982545,
  "color_primary_800": -12903132,
  "color_primary_dark_400": -1916473,
  "color_primary_dark_700": -14545132,
  "color_primary_dark_600": -10602944,
  "color_primary_600": -11982545,
  "color_primary_dark_660": -11982545,
  "color_primary_dark_200": -466459,
  "active_channel_color": 419430400,
  "color_brand_new_560": -3845268,
  "color_brand_new_660": -3845268,
  "color_brand_new_360": -3845268,
  "color_brand_new_460": -3845268,
  "color_primary_dark_800": -14545132,
  "input_background_color": -12903132,
  "simple_accent_color": -3845268,
  "color_brand_new_630": -3845268
}